row_id,iteration,status,source,catalyst_loading,cure_temperature,defect_rate,predicted_mean,predicted_std,acquisition
3010270826e44c7482985bd7891fbf18,7,suggested,qlog_ei,0.39922575959870066,127.89058462650351,,0.07996895228031847,0.01498775952387947,-4.518013988719428
b0d683ad7007423da5a373e155460159,7,suggested,qlog_ei,0.13793776094663968,119.91774712181237,,0.25889919482876295,0.03130585186415092,-4.518013988719428
